{
  "status": "1",
  "message": "OK",
  "result": "[{\"inputs\":[{\"internalType\":\"address\",\"name\":\"nftContract_\",\"type\":\"address\"},{\"internalType\":\"address\",\"name\":\"WBNBAddress_\",\"type\":\"address\"},{\"internalType\":\"address\",\"name\":\"adminRecoveryAddress_\",\"type\":\"address\"}],\"stateMutability\":\"nonpayable\",\"type\":\"constructor\"},{\"anonymous\":false,\"inputs\":[{\"indexed\":true,\"internalType\":\"uint256\",\"name\":\"tokenId\",\"type\":\"uint256\"},{\"indexed\":false,\"internalType\":\"address\",\"name\":\"nftContractAddress\",\"type\":\"address\"},{\"indexed\":false,\"internalType\":\"address\",\"name\":\"sender\",\"type\":\"address\"},{\"indexed\":false,\"internalType\":\"uint256\",\"name\":\"value\",\"type\":\"uint256\"}],\"name\":\"AuctionBid\",\"type\":\"event\"},{\"anonymous\":false,\"inputs\":[{\"indexed\":true,\"internalType\":\"uint256\",\"name\":\"tokenId\",\"type\":\"uint256\"},{\"indexed\":false,\"internalType\":\"address\",\"name\":\"nftContractAddress\",\"type\":\"address\"},{\"indexed\":false,\"internalType\":\"address\",\"name\":\"Creator\",\"type\":\"address\"}],\"name\":\"AuctionCanceled\",\"type\":\"event\"},{\"anonymous\":false,\"inputs\":[{\"indexed\":true,\"internalType\":\"uint256\",\"name\":\"tokenId\",\"type\":\"uint256\"},{\"indexed\":false,\"internalType\":\"address\",\"name\":\"nftContractAddress\",\"type\":\"address\"},{\"indexed\":false,\"internalType\":\"uint256\",\"name\":\"duration\",\"type\":\"uint256\"},{\"indexed\":false,\"internalType\":\"uint256\",\"name\":\"reservePrice\",\"type\":\"uint256\"},{\"indexed\":false,\"internalType\":\"uint8\",\"name\":\"CreatorFeePercent\",\"type\":\"uint8\"},{\"indexed\":false,\"internalType\":\"address\",\"name\":\"Creator\",\"type\":\"address\"},{\"indexed\":false,\"internalType\":\"address\",\"name\":\"fundsRecipient\",\"type\":\"address\"}],\"name\":\"AuctionCreated\",\"type\":\"event\"},{\"anonymous\":false,\"inputs\":[{\"indexed\":true,\"internalType\":\"uint256\",\"name\":\"tokenId\",\"type\":\"uint256\"},{\"indexed\":false,\"internalType\":\"address\",\"name\":\"nftContractAddress\",\"type\":\"address\"},{\"indexed\":false,\"internalType\":\"address\",\"name\":\"Creator\",\"type\":\"address\"},{\"indexed\":false,\"internalType\":\"address\",\"name\":\"winner\",\"type\":\"address\"},{\"indexed\":false,\"internalType\":\"uint256\",\"name\":\"amount\",\"type\":\"uint256\"},{\"indexed\":false,\"internalType\":\"address\",\"name\":\"nftCreator\",\"type\":\"address\"},{\"indexed\":false,\"internalType\":\"address payable\",\"name\":\"fundsRecipient\",\"type\":\"address\"}],\"name\":\"AuctionEnded\",\"type\":\"event\"},{\"anonymous\":false,\"inputs\":[{\"indexed\":true,\"internalType\":\"uint256\",\"name\":\"tokenId\",\"type\":\"uint256\"},{\"indexed\":false,\"internalType\":\"address\",\"name\":\"Creator\",\"type\":\"address\"},{\"indexed\":false,\"internalType\":\"uint256\",\"name\":\"amount\",\"type\":\"uint256\"}],\"name\":\"CreatorFeePercentTransfer\",\"type\":\"event\"},{\"anonymous\":false,\"inputs\":[{\"indexed\":false,\"internalType\":\"address\",\"name\":\"account\",\"type\":\"address\"}],\"name\":\"Paused\",\"type\":\"event\"},{\"anonymous\":false,\"inputs\":[{\"indexed\":false,\"internalType\":\"address\",\"name\":\"account\",\"type\":\"address\"}],\"name\":\"Unpaused\",\"type\":\"event\"},{\"inputs\":[],\"name\":\"MIN_BID_INCREMENT_PERCENT\",\"outputs\":[{\"internalType\":\"uint8\",\"name\":\"\",\"type\":\"uint8\"}],\"stateMutability\":\"view\",\"type\":\"function\"},{\"inputs\":[],\"name\":\"TIME_BUFFER\",\"outputs\":[{\"internalType\":\"uint16\",\"name\":\"\",\"type\":\"uint16\"}],\"stateMutability\":\"view\",\"type\":\"function\"},{\"inputs\":[],\"name\":\"WBNBAddress\",\"outputs\":[{\"internalType\":\"address\",\"name\":\"\",\"type\":\"address\"}],\"stateMutability\":\"view\",\"type\":\"function\"},{\"inputs\":[],\"name\":\"adminRecoveryAddress\",\"outputs\":[{\"internalType\":\"address\",\"name\":\"\",\"type\":\"address\"}],\"stateMutability\":\"view\",\"type\":\"function\"},{\"inputs\":[],\"name\":\"adminRecoveryEnabled\",\"outputs\":[{\"internalType\":\"bool\",\"name\":\"\",\"type\":\"bool\"}],\"stateMutability\":\"view\",\"type\":\"function\"},{\"inputs\":[{\"internalType\":\"uint256\",\"name\":\"\",\"type\":\"uint256\"}],\"name\":\"auctions\",\"outputs\":[{\"internalType\":\"uint256\",\"name\":\"amount\",\"type\":\"uint256\"},{\"internalType\":\"uint256\",\"name\":\"duration\",\"type\":\"uint256\"},{\"internalType\":\"uint256\",\"name\":\"firstBidTime\",\"type\":\"uint256\"},{\"internalType\":\"uint256\",\"name\":\"reservePrice\",\"type\":\"uint256\"},{\"internalType\":\"uint8\",\"name\":\"CreatorFeePercent\",\"type\":\"uint8\"},{\"internalType\":\"address\",\"name\":\"Creator\",\"type\":\"address\"},{\"internalType\":\"address payable\",\"name\":\"bidder\",\"type\":\"address\"},{\"internalType\":\"address payable\",\"name\":\"fundsRecipient\",\"type\":\"address\"}],\"stateMutability\":\"view\",\"type\":\"function\"},{\"inputs\":[{\"internalType\":\"uint256\",\"name\":\"tokenId\",\"type\":\"uint256\"}],\"name\":\"cancelAuction\",\"outputs\":[],\"stateMutability\":\"nonpayable\",\"type\":\"function\"},{\"inputs\":[{\"internalType\":\"uint256\",\"name\":\"tokenId\",\"type\":\"uint256\"},{\"internalType\":\"uint256\",\"name\":\"duration\",\"type\":\"uint256\"},{\"internalType\":\"uint256\",\"name\":\"reservePrice\",\"type\":\"uint256\"},{\"internalType\":\"uint8\",\"name\":\"CreatorFeePercent\",\"type\":\"uint8\"},{\"internalType\":\"address\",\"name\":\"Creator\",\"type\":\"address\"},{\"internalType\":\"address payable\",\"name\":\"fundsRecipient\",\"type\":\"address\"}],\"name\":\"createAuction\",\"outputs\":[],\"stateMutability\":\"nonpayable\",\"type\":\"function\"},{\"inputs\":[{\"internalType\":\"uint256\",\"name\":\"tokenId\",\"type\":\"uint256\"},{\"internalType\":\"uint256\",\"name\":\"amount\",\"type\":\"uint256\"}],\"name\":\"createBid\",\"outputs\":[],\"stateMutability\":\"payable\",\"type\":\"function\"},{\"inputs\":[{\"internalType\":\"uint256\",\"name\":\"tokenId\",\"type\":\"uint256\"}],\"name\":\"endAuction\",\"outputs\":[],\"stateMutability\":\"nonpayable\",\"type\":\"function\"},{\"inputs\":[],\"name\":\"getVersion\",\"outputs\":[{\"internalType\":\"uint256\",\"name\":\"version\",\"type\":\"uint256\"}],\"stateMutability\":\"pure\",\"type\":\"function\"},{\"inputs\":[],\"name\":\"nftContract\",\"outputs\":[{\"internalType\":\"address\",\"name\":\"\",\"type\":\"address\"}],\"stateMutability\":\"view\",\"type\":\"function\"},{\"inputs\":[],\"name\":\"pauseContract\",\"outputs\":[],\"stateMutability\":\"nonpayable\",\"type\":\"function\"},{\"inputs\":[],\"name\":\"paused\",\"outputs\":[{\"internalType\":\"bool\",\"name\":\"\",\"type\":\"bool\"}],\"stateMutability\":\"view\",\"type\":\"function\"},{\"inputs\":[{\"internalType\":\"uint256\",\"name\":\"amount\",\"type\":\"uint256\"}],\"name\":\"recoverBNB\",\"outputs\":[{\"internalType\":\"bool\",\"name\":\"success\",\"type\":\"bool\"}],\"stateMutability\":\"nonpayable\",\"type\":\"function\"},{\"inputs\":[{\"internalType\":\"uint256\",\"name\":\"tokenId\",\"type\":\"uint256\"}],\"name\":\"recoverNFT\",\"outputs\":[],\"stateMutability\":\"nonpayable\",\"type\":\"function\"},{\"inputs\":[],\"name\":\"turnOffAdminRecovery\",\"outputs\":[],\"stateMutability\":\"nonpayable\",\"type\":\"function\"},{\"inputs\":[],\"name\":\"unpauseContract\",\"outputs\":[],\"stateMutability\":\"nonpayable\",\"type\":\"function\"}]"
}